scientificName,speciesKey,gbif_species,gbif_confidence,gbif_status
Accipiter nisus,2480637,Accipiter nisus,100,EXACT
Accipiter nisus nisosimilis,2480637,Accipiter nisus,100,EXACT
Acridotheres fuscus,2489006,Acridotheres fuscus,100,EXACT
Acridotheres fuscus fuscus,2489006,Acridotheres fuscus,100,EXACT
Acridotheres fuscus mahrattensis,2489006,Acridotheres fuscus,100,EXACT
Acridotheres ginginianus,2489004,Acridotheres ginginianus,100,EXACT
Acridotheres tristis,2489005,Acridotheres tristis,100,EXACT
Acridotheres tristis tristis,2489005,Acridotheres tristis,100,EXACT
Acritillas indica,6100817,Acritillas indica,100,EXACT
Acrocephalus agricola,2493137,Acrocephalus agricola,100,EXACT
Acrocephalus dumetorum,2493145,Acrocephalus dumetorum,100,EXACT
Acrocephalus melanopogon,2493124,Acrocephalus melanopogon,100,EXACT
Acrocephalus stentoreus,5231333,Acrocephalus stentoreus,100,EXACT
Actinodura cyanouroptera,2493355,Minla cyanouroptera,100,EXACT
Actitis hypoleucos,2481800,Actitis hypoleucos,100,EXACT
Aegithina tiphia,2484096,Aegithina tiphia,100,EXACT
Aerodramus unicolor,2477226,Aerodramus unicolor,100,EXACT
Aethopyga siparaja,2484677,Aethopyga siparaja,100,EXACT
Aethopyga vigorsii,6086852,Aethopyga vigorsii,100,EXACT
Agapornis roseicollis,9770031,Agapornis roseicollis,99,EXACT
Alauda arvensis,8077224,Alauda arvensis,100,EXACT
Alauda gulgula,2490698,Alauda gulgula,100,EXACT
Alcedo atthis,2475532,Alcedo atthis,100,EXACT
Alcedo atthis bengalensis,2475532,Alcedo atthis,100,EXACT
Alcedo atthis taprobana,2475532,Alcedo atthis,100,EXACT
Alcedo meninting,2475494,Alcedo meninting,100,EXACT
Alcippe poioicephala,5231383,Alcippe poioicephala,100,EXACT
Amandava amandava,2493698,Amandava amandava,100,EXACT
Amaurornis phoenicurus,2474732,Amaurornis phoenicurus,100,EXACT
Amaurornis phoenicurus phoenicurus,2474732,Amaurornis phoenicurus,100,EXACT
Ammomanes phoenicura,5788823,Ammomanes phoenicura,100,EXACT
Anarhynchus alexandrinus,2480311,Charadrius alexandrinus,100,EXACT
Anarhynchus asiaticus,2480308,Charadrius asiaticus,100,EXACT
Anarhynchus atrifrons,,,95,HIGHERRANK
Anarhynchus leschenaultii,2480297,Charadrius leschenaultii,100,EXACT
Anas acuta,2498112,Anas acuta,100,EXACT
Anas crecca,8214667,Anas crecca,100,EXACT
Anas crecca crecca,8214667,Anas crecca,99,EXACT
Anas platyrhynchos,9761484,Anas platyrhynchos,100,EXACT
Anas platyrhynchos domesticus,9761484,Anas platyrhynchos,100,EXACT
Anas poecilorhyncha,9450106,Anas poecilorhyncha,99,EXACT
Anas poecilorhyncha poecilorhyncha,9450106,Anas poecilorhyncha,100,EXACT
Anastomus oscitans,5229410,Anastomus oscitans,100,EXACT
Anhinga melanogaster,2482081,Anhinga melanogaster,100,EXACT
Anous tenuirostris,2481112,Anous tenuirostris,100,EXACT
Anous tenuirostris tenuirostris,2481112,Anous tenuirostris,100,EXACT
Anser albifrons,2498017,Anser albifrons,100,EXACT
Anser anser,2498036,Anser anser,100,EXACT
Anser anser domesticus,2498036,Anser anser,99,EXACT
Anser anser domesticus × cygnoides domesticus,,,99,HIGHERRANK
Anser anser × cygnoides,,,99,HIGHERRANK
Anser cygnoides,2498034,Anser cygnoides,100,EXACT
Anser cygnoides domesticus,2498034,Anser cygnoides,100,EXACT
Anser fabalis,2498027,Anser fabalis,100,EXACT
Anser fabalis fabalis,2498027,Anser fabalis,100,EXACT
Anser indicus,2498035,Anser indicus,100,EXACT
Anthracoceros coronatus,2475988,Anthracoceros coronatus,100,EXACT
Anthus campestris,2490274,Anthus campestris,100,EXACT
Anthus cervinus,2490283,Anthus cervinus,100,EXACT
Anthus godlewskii,2490264,Anthus godlewskii,100,EXACT
Anthus hodgsoni,2490244,Anthus hodgsoni,99,EXACT
Anthus hodgsoni hodgsoni,2490244,Anthus hodgsoni,100,EXACT
Anthus richardi,9465111,Anthus richardi,100,EXACT
Anthus roseatus,2490290,Anthus roseatus,100,EXACT
Anthus rufulus,2490277,Anthus rufulus,100,EXACT
Anthus similis,2490292,Anthus similis,100,EXACT
Anthus trivialis,2490246,Anthus trivialis,100,EXACT
Antigone antigone,2474945,Grus antigone,100,EXACT
Apus affinis,5228662,Apus affinis,99,EXACT
Aquila fasciata,5844449,Aquila fasciata,100,EXACT
Aquila fasciata fasciata,5844449,Aquila fasciata,100,EXACT
Aquila heliaca,2480500,Aquila heliaca,100,EXACT
Aquila nipalensis,2480513,Aquila nipalensis,100,EXACT
Aquila nipalensis nipalensis,2480513,Aquila nipalensis,100,EXACT
Aquila rapax,2480514,Aquila rapax,100,EXACT
Aquila rapax vindhiana,2480514,Aquila rapax,100,EXACT
Arachnothera longirostra,2484653,Arachnothera longirostra,100,EXACT
Ardea alba,9752617,Ardea alba,99,EXACT
Ardea alba modesta,6066379,Ardea modesta,99,EXACT
Ardea cinerea,9797180,Ardea cinerea,100,EXACT
Ardea cinerea cinerea,9797180,Ardea cinerea,100,EXACT
Ardea coromanda,,,95,HIGHERRANK
Ardea intermedia,2480880,Egretta intermedia,100,EXACT
Ardea purpurea,2480934,Ardea purpurea,100,EXACT
Ardea purpurea manilensis,2480934,Ardea purpurea,100,EXACT
Ardeola bacchus,2480907,Ardeola bacchus,100,EXACT
Ardeola grayii,2480905,Ardeola grayii,100,EXACT
Ardeotis nigriceps,2474902,Ardeotis nigriceps,100,EXACT
Arenaria interpres,2481776,Arenaria interpres,100,EXACT
Argya affinis,2493324,Turdoides affinis,100,EXACT
Argya caudata,7340590,Turdoides caudata,100,EXACT
Argya malcolmi,2493314,Turdoides malcolmi,100,EXACT
Argya striata,7340537,Turdoides striata,100,EXACT
Argya striata orientalis,7340537,Turdoides striata,99,EXACT
Argya striata somervillei,7340537,Turdoides striata,99,EXACT
Argya subrufa,7340545,Turdoides subrufa,100,EXACT
Artamus fuscus,5230398,Artamus fuscus,100,EXACT
Arundinax aedon,6101024,Iduna aedon,100,EXACT
Asio flammeus,2497295,Asio flammeus,100,EXACT
Asio flammeus flammeus,2497295,Asio flammeus,100,EXACT
Athene blewitti,2497464,Heteroglaux blewitti,100,EXACT
Athene brama,2497280,Athene brama,100,EXACT
Athene brama brama,2497280,Athene brama,100,EXACT
Aviceda leuphotes,2480706,Aviceda leuphotes,100,EXACT
Aythya ferina,2498255,Aythya ferina,100,EXACT
Aythya fuligula,2498261,Aythya fuligula,100,EXACT
Aythya nyroca,2498259,Aythya nyroca,100,EXACT
Batrachostomus moniliger,2497135,Batrachostomus moniliger,100,EXACT
Botaurus cinnamomeus,,,96,HIGHERRANK
Botaurus flavicollis,,,96,HIGHERRANK
Botaurus flavicollis flavicollis,,,96,HIGHERRANK
Botaurus sinensis,,,96,HIGHERRANK
Botaurus stellaris,2480910,Botaurus stellaris,100,EXACT
Botaurus stellaris stellaris,2480910,Botaurus stellaris,100,EXACT
Bubo bengalensis,5959096,Bubo bengalensis,100,EXACT
Buceros bicornis,2476012,Buceros bicornis,100,EXACT
Bulweria fallax,2481605,Bulweria fallax,100,EXACT
Burhinus indicus,6066037,Burhinus indicus,100,EXACT
Butastur teesa,2480478,Butastur teesa,100,EXACT
Buteo buteo,2480537,Buteo buteo,100,EXACT
Buteo buteo vulpinus,2480537,Buteo buteo,100,EXACT
Buteo rufinus,2480564,Buteo rufinus,100,EXACT
Butorides atricapilla,,,96,HIGHERRANK
Cacomantis merulinus,2496253,Cacomantis merulinus,100,EXACT
Cacomantis passerinus,2496279,Cacomantis passerinus,100,EXACT
Cacomantis sonneratii,2496280,Cacomantis sonneratii,100,EXACT
Cairina moschata domestica,9751099,Cairina moschata,100,EXACT
Calandrella brachydactyla,2490681,Calandrella brachydactyla,100,EXACT
Calandrella dukhunensis,2490681,Calandrella brachydactyla,100,EXACT
Calidris alba,2481748,Calidris alba,100,EXACT
Calidris alpina,2481759,Calidris alpina,100,EXACT
Calidris canutus,2481765,Calidris canutus,100,EXACT
Calidris falcinellus,7537888,Calidris falcinellus,100,EXACT
Calidris ferruginea,2481741,Calidris ferruginea,99,EXACT
Calidris minuta,2481749,Calidris minuta,100,EXACT
Calidris pugnax,8250742,Calidris pugnax,100,EXACT
Calidris temminckii,2481740,Calidris temminckii,100,EXACT
Calidris tenuirostris,2481768,Calidris tenuirostris,100,EXACT
Calliope tschebaiewi,9347692,Calliope tschebaiewi,100,EXACT
Callonetta leucophrys,2498384,Callonetta leucophrys,100,EXACT
Caprimulgus affinis,2496952,Caprimulgus affinis,100,EXACT
Caprimulgus asiaticus,2496944,Caprimulgus asiaticus,100,EXACT
Caprimulgus atripennis,2496852,Caprimulgus atripennis,100,EXACT
Caprimulgus europaeus,8109681,Caprimulgus europaeus,100,EXACT
Caprimulgus indicus,9509689,Caprimulgus indicus,100,EXACT
Caprimulgus indicus indicus,9509689,Caprimulgus indicus,100,EXACT
Carpodacus erythrinus,2494459,Carpodacus erythrinus,100,EXACT
Cecropis daurica,9717283,Cecropis daurica,99,EXACT
Centropus bengalensis bengalensis,5231979,Centropus bengalensis,100,EXACT
Centropus sinensis,5232005,Centropus sinensis,100,EXACT
Centropus sinensis intermedius,5232005,Centropus sinensis,100,EXACT
Centropus sinensis parroti,5232005,Centropus sinensis,100,EXACT
Cephalopyrus flammiceps,2487395,Cephalopyrus flammiceps,100,EXACT
Ceryle rudis,2475679,Ceryle rudis,100,EXACT
Ceryle rudis leucomelanurus,2475679,Ceryle rudis,100,EXACT
Ceyx erithaca,5228386,Ceyx erithaca,100,EXACT
Ceyx erithaca erithaca,5228386,Ceyx erithaca,100,EXACT
Chalcophaps indica,2495840,Chalcophaps indica,100,EXACT
Chalcophaps indica indica,2495840,Chalcophaps indica,100,EXACT
Charadrius hiaticula,9566659,Charadrius hiaticula,100,EXACT
Chlidonias hybrida,2481121,Chlidonias hybrida,100,EXACT
Chlidonias leucopterus,2481120,Chlidonias leucopterus,100,EXACT
Chloropsis aurifrons,5230726,Chloropsis aurifrons,100,EXACT
Chloropsis jerdoni,5789032,Chloropsis jerdoni,100,EXACT
Chroicocephalus brunnicephalus,6065809,Chroicocephalus brunnicephalus,100,EXACT
Chroicocephalus genei,6065810,Chroicocephalus genei,100,EXACT
Chroicocephalus ridibundus,6065824,Chroicocephalus ridibundus,100,EXACT
Chrysocolaptes festivus,2478037,Chrysocolaptes festivus,100,EXACT
Chrysocolaptes socialis,11746102,Chrysocolaptes socialis,100,EXACT
Chrysomma sinense,5231393,Chrysomma sinense,100,EXACT
Chrysomma sinense sinense,5231393,Chrysomma sinense,100,EXACT
Ciconia ciconia asiatica,2481912,Ciconia ciconia,100,EXACT
Ciconia episcopus,2481918,Ciconia episcopus,100,EXACT
Ciconia episcopus episcopus,2481918,Ciconia episcopus,100,EXACT
Ciconia nigra,2481909,Ciconia nigra,100,EXACT
Cinnyris asiaticus,7340608,Cinnyris asiaticus,100,EXACT
Cinnyris asiaticus asiaticus,7340608,Cinnyris asiaticus,100,EXACT
Cinnyris lotenius,7340540,Cinnyris lotenius,100,EXACT
Circaetus gallicus,2480666,Circaetus gallicus,100,EXACT
Circus aeruginosus,2480482,Circus aeruginosus,100,EXACT
Circus aeruginosus aeruginosus,2480482,Circus aeruginosus,100,EXACT
Circus macrourus,2480491,Circus macrourus,100,EXACT
Circus pygargus,2480495,Circus pygargus,100,EXACT
Circus spilonotus,5229180,Circus spilonotus,100,EXACT
Cisticola juncidis,2492822,Cisticola juncidis,100,EXACT
Clamator jacobinus,2496468,Clamator jacobinus,100,EXACT
Clanga clanga,2480509,Aquila clanga,100,EXACT
Clanga hastata,5788516,Aquila hastata,100,EXACT
Columba elphinstonii,5231876,Columba elphinstonii,100,EXACT
Columba livia,2495414,Columba livia,100,EXACT
Columba livia domestica,2495414,Columba livia,99,EXACT
Copsychus fulicatus,5788893,Saxicoloides fulicatus,100,EXACT
Copsychus fulicatus cambaiensis,5788893,Saxicoloides fulicatus,99,EXACT
Copsychus fulicatus fulicatus,5788893,Saxicoloides fulicatus,99,EXACT
Copsychus malabaricus,2492675,Copsychus malabaricus,100,EXACT
Copsychus saularis,2492680,Copsychus saularis,100,EXACT
Copsychus saularis saularis,2492680,Copsychus saularis,100,EXACT
Coracias benghalensis,2475379,Coracias benghalensis,100,EXACT
Coracias benghalensis benghalensis,2475379,Coracias benghalensis,100,EXACT
Coracias garrulus,2475365,Coracias garrulus,100,EXACT
Coracina macei,2486770,Coracina macei,100,EXACT
Coracina macei macei,2486770,Coracina macei,100,EXACT
Corvus macrorhynchos,2482487,Corvus macrorhynchos,100,EXACT
Corvus macrorhynchos culminatus,2482487,Corvus macrorhynchos,100,EXACT
Corvus splendens,2482499,Corvus splendens,100,EXACT
Corvus splendens splendens,2482499,Corvus splendens,100,EXACT
Coturnix coromandelica,2474163,Coturnix coromandelica,100,EXACT
Coturnix coturnix,2474156,Coturnix coturnix,100,EXACT
Cuculus canorus,5231918,Cuculus canorus,100,EXACT
Cuculus micropterus,5231904,Cuculus micropterus,100,EXACT
Cuculus poliocephalus,5231927,Cuculus poliocephalus,100,EXACT
Culicicapa ceylonensis,2492634,Culicicapa ceylonensis,100,EXACT
Curruca communis,2492943,Sylvia communis,100,EXACT
Curruca crassirostris,7342065,Sylvia crassirostris,100,EXACT
Curruca curruca,2492960,Sylvia curruca,100,EXACT
Curruca nana,2492963,Sylvia nana,100,EXACT
Cursorius coromandelicus,2480743,Cursorius coromandelicus,100,EXACT
Cyanoptila cyanomelana,2492391,Cyanoptila cyanomelana,100,EXACT
Cyornis,,,96,HIGHERRANK
Cyornis pallidipes,9758793,Cyornis pallidipes,100,EXACT
Cyornis rubeculoides,2492434,Cyornis rubeculoides,100,EXACT
Cyornis tickelliae,2492428,Cyornis tickelliae,100,EXACT
Cyornis tickelliae tickelliae,2492428,Cyornis tickelliae,100,EXACT
Cypsiurus balasiensis,2477102,Cypsiurus balasiensis,100,EXACT
Delichon dasypus,2489220,Delichon dasypus,100,EXACT
Delichon urbicum,2489214,Delichon urbicum,100,EXACT
Dendrocitta formosae,2482454,Dendrocitta formosae,100,EXACT
Dendrocitta vagabunda,2482451,Dendrocitta vagabunda,100,EXACT
Dendrocitta vagabunda behni,2482451,Dendrocitta vagabunda,100,EXACT
Dendrocygna javanica,2498404,Dendrocygna javanica,100,EXACT
Dendronanthus indicus,2490317,Dendronanthus indicus,100,EXACT
Dicaeum concolor,2484722,Dicaeum concolor,100,EXACT
Dicaeum erythrorhynchos,2484723,Dicaeum erythrorhynchos,100,EXACT
Dicaeum erythrorhynchos erythrorhynchos,2484723,Dicaeum erythrorhynchos,100,EXACT
Dicrurus aeneus,2493971,Dicrurus aeneus,100,EXACT
Dicrurus caerulescens,2493974,Dicrurus caerulescens,100,EXACT
Dicrurus hottentottus,2493967,Dicrurus hottentottus,100,EXACT
Dicrurus leucophaeus,9600020,Dicrurus leucophaeus,100,EXACT
Dicrurus macrocercus,2493970,Dicrurus macrocercus,100,EXACT
Dicrurus macrocercus macrocercus,2493970,Dicrurus macrocercus,100,EXACT
Dicrurus paradiseus,2493969,Dicrurus paradiseus,100,EXACT
Dinopium benghalense,5228816,Dinopium benghalense,100,EXACT
Dinopium benghalense tehminae,5228816,Dinopium benghalense,100,EXACT
Dromas ardeola,5229199,Dromas ardeola,100,EXACT
Ducula aenea,2495934,Ducula aenea,100,EXACT
Ducula cuprea,2495993,Ducula badia,100,EXACT
Dumetia atriceps,5231342,Rhopocichla atriceps,100,EXACT
Dumetia hyperythra,2492921,Dumetia hyperythra,100,EXACT
Egretta,,,95,HIGHERRANK
Egretta garzetta,2480876,Egretta garzetta,100,EXACT
Egretta garzetta dimorpha,2480879,Egretta dimorpha,99,EXACT
Egretta garzetta garzetta,2480876,Egretta garzetta,100,EXACT
Egretta gularis,2480898,Egretta gularis,100,EXACT
Egretta gularis schistacea,2480898,Egretta gularis,100,EXACT
Elanus caeruleus,2480372,Elanus caeruleus,100,EXACT
Elanus caeruleus vociferus,2480372,Elanus caeruleus,100,EXACT
Emberiza bruniceps,2491521,Emberiza bruniceps,100,EXACT
Emberiza buchanani,9566476,Emberiza buchanani,100,EXACT
Emberiza lathami,6100799,Emberiza lathami,100,EXACT
Emberiza melanocephala,9613112,Emberiza melanocephala,100,EXACT
Emberiza striolata,2491585,Emberiza striolata,100,EXACT
Eremopterix griseus,5788816,Eremopterix griseus,100,EXACT
Erythrogenys erythrogenys,2493339,Pomatorhinus erythrogenys,100,EXACT
Esacus recurvirostris,2482089,Esacus recurvirostris,100,EXACT
Eudynamys scolopaceus,2496347,Eudynamys scolopaceus,100,EXACT
Eudynamys scolopaceus scolopaceus,2496347,Eudynamys scolopaceus,100,EXACT
Eumyias thalassinus,7341536,Eumyias thalassinus,100,EXACT
Euodice malabarica,5789082,Euodice malabarica,100,EXACT
Eurystomus orientalis,5228280,Eurystomus orientalis,100,EXACT
Falco amurensis,2480998,Falco amurensis,100,EXACT
Falco chicquera,2481019,Falco chicquera,100,EXACT
Falco chicquera chicquera,2481019,Falco chicquera,100,EXACT
Falco jugger,2480999,Falco jugger,100,EXACT
Falco naumanni,9584698,Falco naumanni,100,EXACT
Falco peregrinus,2481047,Falco peregrinus,100,EXACT
Falco peregrinus peregrinator,2481047,Falco peregrinus,100,EXACT
Falco subbuteo,2481035,Falco subbuteo,100,EXACT
Falco tinnunculus,9616058,Falco tinnunculus,100,EXACT
Ficedula albicilla,5788886,Ficedula albicilla,100,EXACT
Ficedula parva,2492605,Ficedula parva,100,EXACT
Ficedula ruficauda,2492558,Muscicapa ruficauda,100,EXACT
Ficedula superciliaris,5231283,Ficedula superciliaris,100,EXACT
Ficedula westermanni,5231285,Ficedula westermanni,100,EXACT
Francolinus pictus,5227907,Francolinus pictus,100,EXACT
Fregata ariel,2480186,Fregata ariel,100,EXACT
Fulica atra,2474377,Fulica atra,100,EXACT
Fulica atra atra,2474377,Fulica atra,100,EXACT
Galerida cristata,2490669,Galerida cristata,100,EXACT
Galerida deva,2490671,Galerida deva,100,EXACT
Galerida malabarica,2490672,Galerida malabarica,100,EXACT
Gallicrex cinerea,2474404,Gallicrex cinerea,100,EXACT
Gallinago gallinago,2481819,Gallinago gallinago,100,EXACT
Gallinago stenura,2481828,Gallinago stenura,100,EXACT
Gallinula chloropus,5228199,Gallinula chloropus,100,EXACT
Gallinula chloropus chloropus,5228199,Gallinula chloropus,100,EXACT
Galloperdix lunulata,2473700,Galloperdix lunulata,100,EXACT
Galloperdix spadicea,2473696,Galloperdix spadicea,100,EXACT
Galloperdix spadicea spadicea,2473696,Galloperdix spadicea,100,EXACT
Gallus gallus,9326020,Gallus gallus,100,EXACT
Gallus gallus domesticus,9326020,Gallus gallus,99,EXACT
Gallus gallus murghi,9326020,Gallus gallus,100,EXACT
Gallus sonneratii,5227765,Gallus sonneratii,100,EXACT
Gelochelidon nilotica,2481263,Gelochelidon nilotica,100,EXACT
Geokichla citrina,6100882,Geokichla citrina,100,EXACT
Geokichla citrina cyanota,6100882,Geokichla citrina,100,EXACT
Glareola lactea,2480755,Glareola lactea,100,EXACT
Glareola maldivarum,2480759,Glareola maldivarum,100,EXACT
Glareola pratincola,2480757,Glareola pratincola,100,EXACT
Glaucidium radiatum,5232083,Glaucidium radiatum,100,EXACT
Glaucidium radiatum radiatum,5232083,Glaucidium radiatum,100,EXACT
Gracupica contra,7341597,Gracupica contra,100,EXACT
Gracupica contra contra,7341597,Gracupica contra,100,EXACT
Grus grus,2474950,Grus grus,100,EXACT
Grus virgo,2474936,Anthropoides virgo,100,EXACT
Gymnoris xanthocollis,6100968,Gymnoris xanthocollis,100,EXACT
Gyps bengalensis,2480383,Gyps bengalensis,100,EXACT
Gyps fulvus,2480389,Gyps fulvus,100,EXACT
Gyps himalayensis,9561629,Gyps himalayensis,100,EXACT
Gyps indicus,2480385,Gyps indicus,100,EXACT
Haematopus ostralegus,7788295,Haematopus ostralegus,100,EXACT
Halcyon pileata,5228310,Halcyon pileata,100,EXACT
Halcyon smyrnensis,5228328,Halcyon smyrnensis,100,EXACT
Halcyon smyrnensis fusca,5228328,Halcyon smyrnensis,100,EXACT
Halcyon smyrnensis smyrnensis,5228328,Halcyon smyrnensis,100,EXACT
Haliaeetus albicilla,2480449,Haliaeetus albicilla,100,EXACT
Haliastur indus,2480437,Haliastur indus,100,EXACT
Haliastur indus indus,2480437,Haliastur indus,100,EXACT
Harpactes fasciatus,5232051,Harpactes fasciatus,100,EXACT
Harpactes fasciatus malabaricus,5232051,Harpactes fasciatus,100,EXACT
Helopsaltes certhiola,2493556,Locustella certhiola,100,EXACT
Hemicircus canente,2478592,Hemicircus canente,100,EXACT
Hemiprocne coronata,2477443,Hemiprocne coronata,100,EXACT
Hemipus picatus,2486748,Hemipus picatus,100,EXACT
Hieraaetus pennatus,2480685,Hieraaetus pennatus,100,EXACT
Hierococcyx varius,5231910,Cuculus varius,100,EXACT
Himantopus himantopus,5229126,Himantopus himantopus,100,EXACT
Hirundo rustica,9515886,Hirundo rustica,100,EXACT
Hirundo smithii,5230801,Hirundo smithii,100,EXACT
Hydrophasianus chirurgus,2481840,Hydrophasianus chirurgus,100,EXACT
Hydroprogne caspia,2481236,Hydroprogne caspia,100,EXACT
Hypothymis azurea,2486625,Hypothymis azurea,100,EXACT
Hypsipetes ganeesa,7342071,Hypsipetes ganeesa,100,EXACT
Hypsipetes ganeesa ganeesa,7342071,Hypsipetes ganeesa,100,EXACT
Hypsipetes leucocephalus,5230300,Hypsipetes leucocephalus,100,EXACT
Ichthyaetus ichthyaetus,8028588,Ichthyaetus ichthyaetus,100,EXACT
Icthyophaga humilis,6066181,Icthyophaga humilis,100,EXACT
Icthyophaga ichthyaetus,6066180,Icthyophaga ichthyaetus,100,EXACT
Icthyophaga leucogaster,2480455,Haliaeetus leucogaster,100,EXACT
Ictinaetus malaiensis,5229198,Ictinaetus malayensis,98,FUZZY
Ictinaetus malaiensis perniger,5229198,Ictinaetus malayensis,97,FUZZY
Iduna caligata,5739359,Iduna caligata,100,EXACT
Iduna rama,5739357,Iduna rama,100,EXACT
Irena puella,2488929,Irena puella,100,EXACT
Jynx torquilla,8012314,Jynx torquilla,100,EXACT
Ketupa coromanda,12210360,Ketupa coromanda,100,EXACT
Ketupa nipalensis,12232620,Ketupa nipalensis,100,EXACT
Ketupa zeylonensis,5232229,Ketupa zeylonensis,100,EXACT
Ketupa zeylonensis leschenaulti,5232229,Ketupa zeylonensis,97,FUZZY
Lalage melanoptera,2486772,Coracina melanoptera,100,EXACT
Lanius cristatus,2492846,Lanius cristatus,100,EXACT
Lanius cristatus cristatus,2492846,Lanius cristatus,100,EXACT
Lanius excubitor,9444556,Lanius excubitor,100,EXACT
Lanius isabellinus,2492865,Lanius isabellinus,100,EXACT
Lanius schach,9273219,Lanius schach,100,EXACT
Lanius schach caniceps,9273219,Lanius schach,100,EXACT
Lanius vittatus,2492851,Lanius vittatus,100,EXACT
Larus cachinnans,2481181,Larus cachinnans,100,EXACT
Larus canus,7982160,Larus canus,100,EXACT
Larus fuscus,2481174,Larus fuscus,100,EXACT
Larus fuscus barabensis,2481174,Larus fuscus,100,EXACT
Larus fuscus heuglini,2481174,Larus fuscus,100,EXACT
Larvivora brunnea,5231264,Luscinia brunnea,100,EXACT
Leiopicus mahrattensis,8908559,Leiopicus mahrattensis,100,EXACT
Leiothrix argentauris,5231397,Leiothrix argentauris,100,EXACT
Leptocoma minima,6088706,Leptocoma minima,100,EXACT
Leptocoma zeylonica,7340855,Leptocoma zeylonica,100,EXACT
Leptocoma zeylonica flaviventris,7340855,Leptocoma zeylonica,100,EXACT
Leptoptilos javanicus,2481947,Leptoptilos javanicus,100,EXACT
Lewinia striata,2474525,Gallirallus striatus,100,EXACT
Limnodromus scolopaceus,2481670,Limnodromus scolopaceus,100,EXACT
Limnodromus semipalmatus,2481671,Limnodromus semipalmatus,100,EXACT
Limosa lapponica,2481681,Limosa lapponica,100,EXACT
Limosa limosa,2481685,Limosa limosa,100,EXACT
Limosa limosa melanuroides,2481685,Limosa limosa,100,EXACT
Locustella naevia,2493548,Locustella naevia,100,EXACT
Lonchura kelaarti,2493608,Lonchura kelaarti,100,EXACT
Lonchura malacca,2493626,Lonchura malacca,100,EXACT
Lonchura punctulata,2493598,Lonchura punctulata,100,EXACT
Lonchura punctulata punctulata,2493598,Lonchura punctulata,100,EXACT
Lonchura striata,2493618,Lonchura striata,100,EXACT
Lonchura striata striata,2493618,Lonchura striata,100,EXACT
Lophospiza trivirgata,,,95,HIGHERRANK
Lophotriorchis kienerii,5788511,Lophotriorchis kienerii,100,EXACT
Loriculus vernalis,2479399,Loriculus vernalis,100,EXACT
Luscinia svecica,4408732,Luscinia svecica,100,EXACT
Lymnocryptes minimus,2481835,Lymnocryptes minimus,100,EXACT
Machlolophus aplonotus,7341877,Parus aplonotus,100,EXACT
Mareca falcata,9480191,Mareca falcata,100,EXACT
Mareca penelope,8000602,Mareca penelope,100,EXACT
Mareca strepera,9362027,Mareca strepera,100,EXACT
Megalurus palustris,5231392,Megalurus palustris,100,EXACT
Melanocorypha bimaculata,2490609,Melanocorypha bimaculata,100,EXACT
Meleagris gallopavo domesticus,9606290,Meleagris gallopavo,100,HIGHERRANK
Melopsittacus undulatus domesticus,2479798,Melopsittacus undulatus,100,HIGHERRANK
Mergus serrator,2498375,Mergus serrator,100,EXACT
Merops leschenaulti,2475392,Merops leschenaulti,100,EXACT
Merops orientalis,2475410,Merops orientalis,100,EXACT
Merops orientalis beludschicus,2475410,Merops orientalis,100,EXACT
Merops orientalis orientalis,2475410,Merops orientalis,100,EXACT
Merops persicus,2475419,Merops persicus,100,EXACT
Merops philippinus,2475452,Merops philippinus,100,EXACT
Metopidius indicus,2481850,Metopidius indicus,100,EXACT
Microcarbo niger,6066512,Microcarbo niger,100,EXACT
Micropternus brachyurus,5844053,Micropternus brachyurus,100,EXACT
Microtarsus priocephalus,,,95,HIGHERRANK
Milvus migrans,5229167,Milvus migrans,100,EXACT
Milvus migrans govinda,5229167,Milvus migrans,100,EXACT
Milvus migrans lineatus,5229167,Milvus migrans,100,EXACT
Mirafra javanica,2490585,Mirafra javanica,100,EXACT
Mixornis gularis,6100835,Macronus gularis,100,EXACT
Monticola cinclorhyncha,5231007,Monticola cinclorhynchus,98,FUZZY
Monticola saxatilis,2490956,Monticola saxatilis,100,EXACT
Monticola solitarius,2490955,Monticola solitarius,100,EXACT
Monticola solitarius pandoo,2490955,Monticola solitarius,100,EXACT
Motacilla alba,9687165,Motacilla alba,100,EXACT
Motacilla alba alboides,9687165,Motacilla alba,100,EXACT
Motacilla alba baicalensis,9687165,Motacilla alba,100,EXACT
Motacilla alba dukhunensis,9687165,Motacilla alba,99,EXACT
Motacilla alba personata,9687165,Motacilla alba,100,EXACT
Motacilla cinerea,2490310,Motacilla cinerea,100,EXACT
Motacilla citreola,2490307,Motacilla citreola,100,EXACT
Motacilla citreola calcarata,2490307,Motacilla citreola,100,EXACT
Motacilla flava,9701857,Motacilla flava,100,EXACT
Motacilla flava feldegg,9701857,Motacilla flava,100,EXACT
Motacilla flava thunbergi,9701857,Motacilla flava,100,EXACT
Motacilla maderaspatensis,6100870,Motacilla maderaspatensis,100,EXACT
Motacilla tschutschensis,2490303,Motacilla tschutschensis,100,EXACT
Muscicapa dauurica,4408780,Muscicapa latirostris,100,EXACT
Muscicapa muttui,2492557,Muscicapa muttui,100,EXACT
Muscicapa striata,2492576,Muscicapa striata,100,EXACT
Mycteria leucocephala,2481938,Mycteria leucocephala,100,EXACT
Myophonus caeruleus,7341196,Myophonus caeruleus,100,EXACT
Myophonus horsfieldii,5789039,Myophonus horsfieldii,100,EXACT
Neophron percnopterus,2480696,Neophron percnopterus,100,EXACT
Netta rufina,2498180,Netta rufina,100,EXACT
Nettapus coromandelianus,2498310,Nettapus coromandelianus,100,EXACT
Ninox scutulata,2497840,Ninox scutulata,100,EXACT
Nisaetus cirrhatus,5788501,Nisaetus cirrhatus,100,EXACT
Nisaetus cirrhatus cirrhatus,5788501,Nisaetus cirrhatus,100,EXACT
Numenius arquata,2481792,Numenius arquata,100,EXACT
Numenius arquata orientalis,2481792,Numenius arquata,99,EXACT
Numenius phaeopus,2481784,Numenius phaeopus,100,EXACT
Numida meleagris,2473341,Numida meleagris,100,EXACT
Numida meleagris domesticus,2473341,Numida meleagris,100,HIGHERRANK
Nycticorax nycticorax,2480863,Nycticorax nycticorax,100,EXACT
Nycticorax nycticorax nycticorax,2480863,Nycticorax nycticorax,100,EXACT
Nyctyornis athertoni,2475458,Nyctyornis athertoni,100,EXACT
Oceanites oceanicus,5229419,Oceanites oceanicus,100,EXACT
Ocyceros birostris,2475923,Ocyceros birostris,100,EXACT
Ocyceros griseus,2475924,Ocyceros griseus,100,EXACT
Oenanthe deserti,5231244,Oenanthe deserti,100,EXACT
Oenanthe fusca,6100845,Oenanthe fusca,100,EXACT
Oenanthe isabellina,5231245,Oenanthe isabellina,100,EXACT
Onychoprion anaethetus,5789286,Onychoprion anaethetus,100,EXACT
Onychoprion fuscatus,5789284,Onychoprion fuscatus,100,EXACT
Oriolus chinensis,9750846,Oriolus chinensis,100,EXACT
Oriolus chinensis diffusus,9750846,Oriolus chinensis,100,EXACT
Oriolus kundoo,9523325,Oriolus kundoo,100,EXACT
Oriolus xanthornus,2488963,Oriolus xanthornus,100,EXACT
Orthotomus sutorius,2493028,Orthotomus sutorius,100,EXACT
Orthotomus sutorius guzuratus,2493028,Orthotomus sutorius,100,EXACT
Ortygornis pondicerianus,11273070,Ortygornis pondicerianus,100,EXACT
Otus,,,95,HIGHERRANK
Otus bakkamoena,5232251,Otus bakkamoena,100,EXACT
Otus brucei,2497755,Otus brucei,100,EXACT
Otus sunia,5232328,Otus sunia,100,EXACT
Pachyglossa agilis,,,94,HIGHERRANK
Padda oryzivora,4845776,Lonchura oryzivora,100,EXACT
Pandion haliaetus,2480726,Pandion haliaetus,100,EXACT
Pandion haliaetus haliaetus,2480726,Pandion haliaetus,100,EXACT
Parus cinereus,6101070,Parus cinereus,100,EXACT
Passer domesticus,5231190,Passer domesticus,100,EXACT
Passer domesticus indicus,5231190,Passer domesticus,100,EXACT
Passer montanus,5231198,Passer montanus,100,EXACT
Pastor roseus,5845386,Pastor roseus,100,EXACT
Pavo cristatus,9451184,Pavo cristatus,100,EXACT
Pelargopsis capensis,5228417,Pelargopsis capensis,100,EXACT
Pelecanus onocrotalus,2480350,Pelecanus onocrotalus,100,EXACT
Pellorneum ruficeps,2493248,Pellorneum ruficeps,100,EXACT
Perdicula argoondah,2473365,Perdicula argoondah,100,EXACT
Perdicula asiatica,2473356,Perdicula asiatica,100,EXACT
Perdicula erythrorhyncha,2473362,Perdicula erythrorhyncha,100,EXACT
Pericrocotus cantonensis,2486817,Pericrocotus cantonensis,100,EXACT
Pericrocotus cinnamomeus,2486822,Pericrocotus cinnamomeus,100,EXACT
Pericrocotus erythropygius,2486823,Pericrocotus erythropygius,100,EXACT
Pericrocotus flammeus,2486819,Pericrocotus flammeus,100,EXACT
Pernis apivorus,2480420,Pernis apivorus,100,EXACT
Pernis apivorus × ptilorhynchus,,,99,HIGHERRANK
Pernis ptilorhynchus,5793241,Pernis ptilorhynchus,100,EXACT
Pernis ptilorhynchus orientalis,5793241,Pernis ptilorhynchus,100,EXACT
Pernis ptilorhynchus ruficollis,5793241,Pernis ptilorhynchus,100,EXACT
Petrochelidon fluvicola,5846407,Petrochelidon fluvicola,100,EXACT
Phaenicophaeus viridirostris,2496379,Rhopodytes viridirostris,100,EXACT
Phalacrocorax carbo,2481890,Phalacrocorax carbo,100,EXACT
Phalacrocorax fuscicollis,2481889,Phalacrocorax fuscicollis,100,EXACT
Phalaropus lobatus,5739290,Phalaropus lobatus,100,EXACT
Phoeniconaias minor,2481104,Phoeniconaias minor,100,EXACT
Phoenicopterus roseus,4352332,Phoenicopterus roseus,100,EXACT
Phoenicurus ochruros,5739315,Phoenicurus ochruros,100,EXACT
Phoenicurus phoenicurus,5739317,Phoenicurus phoenicurus,100,EXACT
Phylloscopus affinis,2493068,Phylloscopus affinis,100,EXACT
Phylloscopus collybita,2493091,Phylloscopus collybita,100,EXACT
Phylloscopus collybita tristis,2493091,Phylloscopus collybita,100,EXACT
Phylloscopus fuscatus,2493075,Phylloscopus fuscatus,100,EXACT
Phylloscopus griseolus,2493062,Phylloscopus griseolus,100,EXACT
Phylloscopus humei,7341522,Phylloscopus humei,100,EXACT
Phylloscopus inornatus,2493095,Phylloscopus inornatus,100,EXACT
Phylloscopus magnirostris,2493069,Phylloscopus magnirostris,100,EXACT
Phylloscopus nitidus,9584952,Phylloscopus nitidus,100,EXACT
Phylloscopus occipitalis,2493055,Phylloscopus occipitalis,100,EXACT
Phylloscopus pulcher,2493077,Phylloscopus pulcher,100,EXACT
Phylloscopus trochiloides,2493084,Phylloscopus trochiloides,100,EXACT
Phylloscopus tytleri,2493067,Phylloscopus tytleri,100,EXACT
Picumnus innominatus,5228719,Picumnus innominatus,100,EXACT
Picus chlorolophus,9573362,Picus chlorolophus,100,EXACT
Picus xanthopygaeus,2478522,Picus xanthopygaeus,100,EXACT
Pitta brachyura,2489507,Pitta brachyura,100,EXACT
Platalea leucorodia,2480801,Platalea leucorodia,100,EXACT
Plegadis falcinellus,2480773,Plegadis falcinellus,100,EXACT
Plocealauda affinis,,,94,HIGHERRANK
Plocealauda erythroptera,,,94,HIGHERRANK
Ploceus benghalensis,2494022,Ploceus benghalensis,100,EXACT
Ploceus manyar,2494036,Ploceus manyar,100,EXACT
Ploceus philippinus,2494056,Ploceus philippinus,100,EXACT
Pluvialis fulva,2480331,Pluvialis fulva,100,EXACT
Pluvialis squatarola,2480327,Pluvialis squatarola,100,EXACT
Podiceps nigricollis,2482065,Podiceps nigricollis,100,EXACT
Pomatorhinus horsfieldii,2493332,Pomatorhinus horsfieldii,100,EXACT
Porphyrio poliocephalus,2474416,Porphyrio porphyrio,100,EXACT
Porphyrio poliocephalus poliocephalus,2474416,Porphyrio porphyrio,99,EXACT
Porzana porzana,2474621,Porzana porzana,100,EXACT
Prinia buchanani,2492746,Prinia buchanani,100,EXACT
Prinia hodgsonii,2492766,Prinia hodgsonii,100,EXACT
Prinia inornata,2492758,Prinia inornata,100,EXACT
Prinia socialis,2492752,Prinia socialis,100,EXACT
Prinia socialis socialis,2492752,Prinia socialis,100,EXACT
Prinia sylvatica,2492754,Prinia sylvatica,100,EXACT
Psarisomus dalhousiae,2484526,Psarisomus dalhousiae,100,EXACT
Pseudibis papillosa,2480778,Pseudibis papillosa,100,EXACT
Psilopogon asiaticus,7528533,Psilopogon asiaticus,100,EXACT
Psilopogon haemacephalus,7691806,Psilopogon haemacephalus,100,EXACT
Psilopogon haemacephalus indicus,7691806,Psilopogon haemacephalus,100,EXACT
Psilopogon malabaricus,8157718,Psilopogon malabaricus,100,EXACT
Psilopogon viridis,7796884,Psilopogon viridis,100,EXACT
Psilopogon zeylanicus,7760921,Psilopogon zeylanicus,100,EXACT
Psilopogon zeylanicus zeylanicus,7760921,Psilopogon zeylanicus,100,EXACT
Psittacula,,,95,HIGHERRANK
Psittacula columboides,5229054,Psittacula columboides,100,EXACT
Psittacula cyanocephala,5229044,Psittacula cyanocephala,100,EXACT
Psittacula eupatria,5229055,Psittacula eupatria,100,EXACT
Psittacula eupatria eupatria,5229055,Psittacula eupatria,100,EXACT
Psittacula krameri,2479226,Psittacula krameri,100,EXACT
Psittacula krameri manillensis,2479226,Psittacula krameri,100,EXACT
Pterocles exustus,9522580,Pterocles exustus,100,EXACT
Pterocles indicus,2480206,Pterocles indicus,100,EXACT
Ptyonoprogne concolor,7340278,Ptyonoprogne concolor,100,EXACT
Ptyonoprogne concolor concolor,7340278,Ptyonoprogne concolor,100,EXACT
Ptyonoprogne rupestris,4408796,Ptyonoprogne rupestris,100,EXACT
Pycnonotus cafer,2486131,Pycnonotus cafer,100,EXACT
Pycnonotus cafer bengalensis,2486131,Pycnonotus cafer,100,EXACT
Pycnonotus cafer cafer,2486131,Pycnonotus cafer,100,EXACT
Pycnonotus jocosus,2486151,Pycnonotus jocosus,100,EXACT
Pycnonotus jocosus fuscicaudatus,2486151,Pycnonotus jocosus,100,EXACT
Pycnonotus leucotis,2486132,Pycnonotus leucotis,100,EXACT
Pycnonotus luteolus,2486119,Pycnonotus luteolus,100,EXACT
Rallina eurizonoides,2474460,Rallina eurizonoides,100,EXACT
Rallus aquaticus,2474831,Rallus aquaticus,100,EXACT
Recurvirostra avosetta,2480259,Recurvirostra avosetta,100,EXACT
Rhipidura albicollis,5231750,Rhipidura albicollis,100,EXACT
Rhipidura albogularis,6087954,Rhipidura albogularis,100,EXACT
Rhipidura albogularis albogularis,6087954,Rhipidura albogularis,100,EXACT
Rhipidura aureola,5231752,Rhipidura aureola,100,EXACT
Riparia chinensis,7340331,Riparia chinensis,100,EXACT
Riparia riparia,2489160,Riparia riparia,100,EXACT
Rostratula benghalensis,2482029,Rostratula benghalensis,100,EXACT
Rubigula gularis,6085868,Pycnonotus gularis,100,EXACT
Rynchops albicollis,2481207,Rynchops albicollis,100,EXACT
Salpornis spilonota,2487575,Salpornis spilonotus,98,FUZZY
Sarcogyps calvus,2480717,Sarcogyps calvus,100,EXACT
Sarkidiornis melanotos,2498001,Sarkidiornis melanotos,100,EXACT
Saxicola caprata,2492519,Saxicola caprata,100,EXACT
Saxicola caprata bicolor,2492519,Saxicola caprata,100,EXACT
Saxicola maurus,5846290,Saxicola maurus,100,EXACT
Saxicola maurus indicus,5846290,Saxicola maurus,100,EXACT
Saxicola rubetra,2492521,Saxicola rubetra,100,EXACT
Schoenicola platyurus,5789153,Schoenicola platyurus,100,EXACT
Schoenicola striatus,5789152,Chaetornis striata,100,EXACT
Sitta castanea,2484887,Sitta castanea,100,EXACT
Sitta frontalis,9610931,Sitta frontalis,100,EXACT
Sitta frontalis frontalis,9610931,Sitta frontalis,100,EXACT
Spatula clypeata,8332393,Spatula clypeata,100,EXACT
Spatula querquedula,9274012,Spatula querquedula,100,EXACT
Spilopelia chinensis,6101224,Spilopelia chinensis,100,EXACT
Spilopelia chinensis suratensis,6101224,Spilopelia chinensis,100,EXACT
Spilopelia senegalensis,6101223,Spilopelia senegalensis,100,EXACT
Spilopelia senegalensis cambayensis,6101223,Spilopelia senegalensis,100,EXACT
Spilornis cheela,2480433,Spilornis cheela,100,EXACT
Spilornis cheela melanotis,2480433,Spilornis cheela,100,EXACT
Stercorarius parasiticus,2481621,Stercorarius parasiticus,100,EXACT
Sterna acuticauda,5229261,Sterna acuticauda,100,EXACT
Sterna aurantia,5229239,Sterna aurantia,100,EXACT
Sterna hirundo,9367409,Sterna hirundo,100,EXACT
Sterna paradisaea,5229230,Sterna paradisaea,100,EXACT
Sterna repressa,5229267,Sterna repressa,100,EXACT
Sternula albifrons,5789279,Sternula albifrons,100,EXACT
Sternula saundersi,6065768,Sternula saundersi,100,EXACT
Streptopelia decaocto,2495696,Streptopelia decaocto,100,EXACT
Streptopelia orientalis,2495681,Streptopelia orientalis,100,EXACT
Streptopelia orientalis erythrocephala,2495681,Streptopelia orientalis,100,EXACT
Streptopelia tranquebarica,2495691,Streptopelia tranquebarica,100,EXACT
Streptopelia tranquebarica tranquebarica,2495691,Streptopelia tranquebarica,100,EXACT
Strix leptogrammica,2497546,Strix leptogrammica,100,EXACT
Strix ocellata,2497525,Strix ocellata,100,EXACT
Strix ocellata ocellata,2497525,Strix ocellata,100,EXACT
Sturnia blythii,6091832,Sturnia blythii,100,EXACT
Sturnia malabarica,7341580,Sturnia malabarica,100,EXACT
Sturnia malabarica malabarica,7341580,Sturnia malabarica,100,EXACT
Sturnia malabarica nemoricola,7341580,Sturnia malabarica,100,EXACT
Sturnia pagodarum,6100941,Sturnia pagodarum,100,EXACT
Sturnus vulgaris,9809229,Sturnus vulgaris,100,EXACT
Sula dactylatra,2480967,Sula dactylatra,100,EXACT
Sula leucogaster,2480975,Sula leucogaster,100,EXACT
Sula sula,2480972,Sula sula,100,EXACT
Surniculus dicruroides,2496506,Surniculus lugubris,100,EXACT
Surniculus dicruroides dicruroides,2496506,Surniculus lugubris,99,EXACT
Sypheotides indicus,2474868,Sypheotides indicus,100,EXACT
Taccocua leschenaultii,2496474,Taccocua leschenaultii,100,EXACT
Tachybaptus ruficollis,2482048,Tachybaptus ruficollis,100,EXACT
Tachybaptus ruficollis albescens,2482048,Tachybaptus ruficollis,100,EXACT
Tachymarptis melba,2477411,Tachymarptis melba,100,EXACT
Tachyspiza badia,,,94,HIGHERRANK
Tachyspiza badia badia,,,94,HIGHERRANK
Tachyspiza badia dussumieri,,,94,HIGHERRANK
Tachyspiza virgata,,,94,HIGHERRANK
Tadorna ferruginea,2498015,Tadorna ferruginea,100,EXACT
Tadorna tadorna,2498009,Tadorna tadorna,100,EXACT
Tephrodornis pondicerianus,2484857,Tephrodornis pondicerianus,100,EXACT
Tephrodornis sylvicola,6088887,Tephrodornis sylvicola,100,EXACT
Terpsiphone paradisi,2486687,Terpsiphone paradisi,100,EXACT
Terpsiphone paradisi paradisi,2486687,Terpsiphone paradisi,100,EXACT
Thalasseus bengalensis,6065833,Thalasseus bengalensis,100,EXACT
Thalasseus bergii,5789283,Thalasseus bergii,100,EXACT
Thalasseus sandvicensis,2481240,Thalasseus sandvicensis,100,EXACT
Thinornis dubius,,,95,HIGHERRANK
Thinornis dubius jerdoni,,,95,HIGHERRANK
Threskiornis melanocephalus,2480767,Threskiornis melanocephalus,100,EXACT
Treron affinis,6101234,Treron affinis,100,EXACT
Treron bicinctus,2495776,Treron bicinctus,100,EXACT
Treron phayrei,6101232,Treron phayrei,100,EXACT
Treron phoenicopterus,2495757,Treron phoenicopterus,100,EXACT
Treron phoenicopterus chlorigaster,2495757,Treron phoenicopterus,100,EXACT
Tringa erythropus,2481725,Tringa erythropus,100,EXACT
Tringa glareola,2481713,Tringa glareola,100,EXACT
Tringa guttifer,2481723,Tringa guttifer,100,EXACT
Tringa nebularia,2481726,Tringa nebularia,100,EXACT
Tringa ochropus,2481728,Tringa ochropus,100,EXACT
Tringa stagnatilis,2481719,Tringa stagnatilis,100,EXACT
Tringa totanus,2481714,Tringa totanus,100,EXACT
Turdus obscurus,2490728,Turdus obscurus,100,EXACT
Turdus simillimus,5846272,Turdus simillimus,100,EXACT
Turdus unicolor,2490788,Turdus unicolor,100,EXACT
Turnix suscitator,2474982,Turnix suscitator,100,EXACT
Turnix sylvaticus,2475001,Turnix sylvaticus,100,EXACT
Turnix tanki,2474968,Turnix tanki,100,EXACT
Turnix tanki tanki,2474968,Turnix tanki,100,EXACT
Tyto javanica,5789316,Tyto javanica,100,EXACT
Tyto javanica stertens,5789316,Tyto javanica,100,EXACT
Upupa epops,2498415,Upupa epops,100,EXACT
Upupa epops epops,2498415,Upupa epops,100,EXACT
Vanellus cinereus,5229145,Vanellus cinereus,100,EXACT
Vanellus duvaucelii,5229132,Vanellus duvaucelii,100,EXACT
Vanellus indicus,5229131,Vanellus indicus,100,EXACT
Vanellus indicus indicus,5229131,Vanellus indicus,100,EXACT
Vanellus leucurus,5229147,Vanellus leucurus,100,EXACT
Vanellus malabaricus,5229133,Vanellus malabaricus,100,EXACT
Xenus cinereus,2481703,Xenus cinereus,100,EXACT
Yungipicus nanus,8966665,Yungipicus nanus,100,EXACT
Zapornia akool,2474750,Amaurornis akool,100,EXACT
Zapornia fusca,2474622,Porzana fusca,100,EXACT
Zapornia parva,2474627,Porzana parva,100,EXACT
Zapornia pusilla,2474628,Porzana pusilla,100,EXACT
Zapornia pusilla pusilla,2474628,Porzana pusilla,99,EXACT
Zosterops palpebrosus,2489362,Zosterops palpebrosus,100,EXACT
